number	phenotype	tag	P_value	Effect	test_type
1	alopecia_areata	autoimmune	0.7321559	0.860712	binary
2	ankylosing_spondylitis	autoimmune	0.1941433	0.449732	binary
3	antiphospholipid_syndrome	autoimmune	0.6662057	1.37989	binary
4	autoimmune_hepatitis	autoimmune	0.6192698	1.719912	binary
5	celiac_HLA_all	autoimmune	0.9013918	0.950614	binary
6	crohns	autoimmune	0.5823979	0.788777	binary
7	crohns_or_ulcerative_colitis	autoimmune	0.6250402	1.130103	binary
8	giant_cell_arteritis	autoimmune	0.281275	3.720769	binary
9	HIP_alopecia_type_universalis	autoimmune	0.2727244	0.016459	binary
10	iqb.canker_sore	autoimmune	0.3882798	1.143655	binary
11	iqb.canker_sore_pastyear	autoimmune	0.5576826	0.905399	binary
12	juvenile_t1d	autoimmune	0.07123907	0.019281	binary
13	lupus	autoimmune	0.04462783	0.376179	binary
14	multiple_sclerosis	autoimmune	0.6935438	0.802653	binary
15	pediatric_ibd	autoimmune	0.3156266	1.732301	binary
16	polymyalgia_rheumatica	autoimmune	0.7243088	0.715717	binary
17	psoriasis	autoimmune	0.5609347	1.109255	binary
18	psoriatic_arthritis	autoimmune	0.5788818	1.338863	binary
19	rheumatoid_arthritis	autoimmune	0.3866932	1.204599	binary
20	sarcoidosis	autoimmune	0.2524224	2.550634	binary
21	scleroderma	autoimmune	0.1474232	0.010794	binary
22	sjogrens_syndrome	autoimmune	0.6705897	0.813331	binary
23	t1d	autoimmune	0.1642117	0.42853	binary
24	ulcerative_colitis	autoimmune	0.2425451	1.394198	binary
25	vitiligo	autoimmune	0.331678	1.410422	binary
26	anemia	blood	0.6501643	0.950502	binary
27	blood_clots	blood	0.4737674	1.169185	binary
28	blood_thinner_meds	blood	0.8893435	1.033873	binary
29	deep_vein_thrombosis	blood	0.2478924	1.374647	binary
30	HIP_anemia_cause_deficiency	blood	0.8822637	0.979357	binary
31	HIP_anemia_cause_hormonal	blood	0.6779971	0.856956	binary
32	hypocoagulation	blood	0.1819834	0.441262	binary
33	iqb.bruise_easily	blood	0.6380355	1.07773	binary
34	iqb.nose_bleeds	blood	0.7680701	1.094101	binary
35	iqb.rhesus_blood_type	blood	0.9843987	1.005281	binary
36	pulmonary_embolism	blood	0.2859458	1.499786	binary
37	any_non_melanoma_skin_cancer	cancer	0.1735969	0.824131	binary
38	any_skin_cancer	cancer	0.1029859	0.806616	binary
39	barretts_esophagus	cancer	0.9933319	0.997022	binary
40	basal_cell_carcinoma	cancer	0.9928949	1.001353	binary
41	bladder_cancer	cancer	0.4944661	0.539311	binary
42	bladder_cancer_dx_or_fh	cancer	0.09482468	1.796519	binary
43	bladder_cancer_fh	cancer	0.01661122	2.578469	binary
44	brain_cancer	cancer	0.314173	0.021129	binary
45	brain_cancer_dx_or_fh	cancer	0.6105613	1.241775	binary
46	brain_cancer_fh	cancer	0.3805164	1.475622	binary
47	breast_cancer_dx_or_fh	cancer	0.8836922	0.972674	binary
48	breast_cancer_fh	cancer	0.5978225	1.136258	binary
49	chemotherapy_meds	cancer	0.02252485	0.333679	binary
50	colon_polyps	cancer	0.8044919	1.03021	binary
51	colorectal_cancer	cancer	0.1754908	0.32918	binary
52	colorectal_cancer_dx_or_fh	cancer	0.5827007	0.854633	binary
53	colorectal_cancer_fh	cancer	0.9265802	1.029846	binary
54	head_and_neck_cancer	cancer	0.9566542	0.947454	binary
55	HIP_non_osseous_sarcoma	cancer	0.9651204	0.957463	binary
56	HIP_osseous_sarcoma	cancer	0.4050774	0.028705	binary
57	hodgkins_lymphoma_dx_or_fh	cancer	0.5155057	0.555638	binary
58	hodgkins_lymphoma_fh	cancer	0.9877094	0.98469	binary
59	iqb.dysplastic_mole	cancer	0.5167739	1.161776	binary
60	iqb.lipoma	cancer	0.9886172	0.996458	binary
61	iqb.radiation_therapy	cancer	0.6566276	0.801963	binary
62	jak2_v617f_cc	cancer	0.09205028	2.374217	binary
63	kidney_cancer	cancer	0.7909413	1.214259	binary
64	leukemia	cancer	0.08739097	0.00798	binary
65	leukemia_dx_or_fh	cancer	0.1131825	0.387543	binary
66	leukemia_fh	cancer	0.3718776	0.561139	binary
67	lung_cancer	cancer	0.1045948	0.009868	binary
68	lung_cancer_dx_or_fh	cancer	0.4042149	0.79704	binary
69	lung_cancer_fh	cancer	0.7216565	0.901058	binary
70	melanoma	cancer	0.332488	0.753134	binary
71	melanoma_dx_or_fh	cancer	0.7623411	0.933898	binary
72	melanoma_fh	cancer	0.2738256	1.461663	binary
73	mpn_narrow	cancer	0.2482382	0.017071	binary
74	mpn_or_v617f	cancer	0.2114982	1.855928	binary
75	non_hodgkins_lymphoma	cancer	0.4327092	0.498741	binary
76	non_hodgkins_lymphoma_dx_or_fh	cancer	0.1272495	0.399312	binary
77	ovarian_cancer_dx_or_fh	cancer	0.6466076	1.197791	binary
78	ovarian_cancer_fh	cancer	0.4284402	1.416822	binary
79	pancreatic_cancer_dx_or_fh	cancer	0.06789329	0.244774	binary
80	pancreatic_cancer_fh	cancer	0.0968927	0.268243	binary
81	prostate_cancer_dx_or_fh	cancer	0.5270348	0.857679	binary
82	prostate_cancer_fh	cancer	0.4582215	0.788951	binary
83	squamous_cell_carcinoma	cancer	0.2252568	0.766411	binary
84	stomach_cancer_dx_or_fh	cancer	0.7920188	1.169837	binary
85	stomach_cancer_fh	cancer	0.6012239	1.37968	binary
86	thyroid_cancer	cancer	0.6280453	1.288334	binary
87	thyroid_cancer_dx_or_fh	cancer	0.9082914	1.048793	binary
88	thyroid_cancer_fh	cancer	0.7012039	0.769788	binary
89	angina	cardiovascular	0.4091105	0.581087	binary
90	any_cvd	cardiovascular	0.2499246	1.104338	binary
91	aortic_aneurysm	cardiovascular	0.2891464	0.403781	binary
92	aortic_stenosis	cardiovascular	0.8228966	1.177442	binary
93	arrhythmia	cardiovascular	0.7844112	1.037576	binary
94	atrial_fibrillation	cardiovascular	0.1267531	1.379369	binary
95	blood_pressure_meds	cardiovascular	0.2457549	0.771262	binary
96	brain_aneurysm	cardiovascular	0.1063281	0.022251	binary
97	cad	cardiovascular	0.7469969	1.080588	binary
98	cardiomyopathy_dilated	cardiovascular	0.3601352	2.067884	binary
99	cardiomyopathy_hypertrophic	cardiovascular	0.05836922	0.017518	binary
100	carotid_artery_dis	cardiovascular	0.9286369	0.9602	binary
101	congenital_heart_defect	cardiovascular	0.2415535	0.759871	binary
102	early_onset_heart_attack	cardiovascular	0.9610544	1.022295	binary
103	heart_attack	cardiovascular	0.6493693	1.132437	binary
104	heart_failure	cardiovascular	0.4129278	1.301086	binary
105	hemorrhagic_stroke	cardiovascular	0.5421804	1.593024	binary
106	high_blood_pressure	cardiovascular	0.1750481	1.130096	binary
107	HIP_arrhythmia_type_bradycardia	cardiovascular	0.8475961	0.829902	binary
108	HIP_arrhythmia_type_ventricular_fibrillation	cardiovascular	0.3623045	2.06115	binary
109	HIP_arrhythmia_type_ventricular_tachycardia	cardiovascular	0.223238	1.594475	binary
110	iqb.avoid_exercise_faint	cardiovascular	0.6837408	1.157734	binary
111	iqb.chest_pain_exercise	cardiovascular	0.000878367	0.420867	binary
112	iqb.fainted_exercise	cardiovascular	0.7781702	0.880637	binary
113	iqb.fainted_giving_blood	cardiovascular	0.4845511	0.891868	binary
114	iqb.long_qt_syndrome	cardiovascular	0.3718904	1.488368	binary
115	iqb.varicose_veins_legs	cardiovascular	0.4797719	0.869805	binary
116	ischemic_stroke	cardiovascular	0.212466	1.751918	binary
117	long_qt_syndrome	cardiovascular	0.4749034	1.361566	binary
118	mitral_valve_prolapse	cardiovascular	0.1358875	0.594164	binary
119	myocarditis	cardiovascular	0.4448827	1.611347	binary
120	orthostatic_hypotension	cardiovascular	0.2563798	0.38206	binary
121	peripheral_artery_dis	cardiovascular	0.6509778	0.736187	binary
122	raynauds	cardiovascular	0.02770441	0.544834	binary
123	stroke	cardiovascular	0.6283885	1.210076	binary
124	transient_ischemic_attack	cardiovascular	0.06374698	1.672109	binary
125	completed_college	cognitive	0.1828536	0.904456	binary
126	education_years	cognitive	0.2396861	-0.114372	quantitative
127	iqb.carry_a_tune	cognitive	0.70409	0.910143	binary
128	iqb.clap_to_beat	cognitive	0.7805519	1.067892	binary
129	iqb.learn_language_as_adult	cognitive	0.7632397	1.057357	binary
130	iqb.perfect_pitch	cognitive	0.6465857	1.115265	binary
131	iqb.play_music_before_age_8	cognitive	0.4286324	0.863508	binary
132	iqb.plays_a_musical_instrument	cognitive	0.08431087	0.744772	binary
133	iqb.sing_back_musical_note	cognitive	0.940152	0.991512	binary
134	hp_diet_quality	diet	0.9771542	0.001466	quantitative
135	iqb.vegan	diet	0.4049439	0.582795	binary
136	iqb.vegetarian	diet	0.646263	0.830262	binary
137	red_meat_servings	diet	0.8957275	-0.004969	quantitative
138	vegetable_servings	diet	0.7241726	-0.010442	quantitative
139	migraine_efficacy_any_excedrin_cc	drug_efficacy	0.2190939	1.474899	binary
140	migraine_efficacy_any_ibuprofen_cc	drug_efficacy	0.5983142	0.855932	binary
141	migraine_efficacy_aspirin_cc	drug_efficacy	0.4900536	1.313814	binary
142	statin_dose_decrease	drug_efficacy	0.207335	0.545156	binary
143	statin_effect_binary	drug_efficacy	0.2870528	1.328298	binary
144	statin_stop_reason_efficacy	drug_efficacy	0.7020357	1.210647	binary
145	any_ponv	drug_side	0.08791275	0.681369	binary
146	iqb.caffeine_trouble_sleeping	drug_side	0.4057859	1.160603	binary
147	statin_side_effect_any	drug_side	0.1818287	0.711282	binary
148	statin_side_effect_cognitive	drug_side	0.8030682	0.89223	binary
149	statin_side_effect_digestive	drug_side	0.4958429	0.683132	binary
150	statin_side_effect_liver_enzymes	drug_side	0.482691	0.626366	binary
151	statin_side_effect_muscular	drug_side	0.7038787	0.898413	binary
152	heavy_caffeine_drinker	drug_usage	0.9719932	0.994152	binary
153	iqb.antiinflammatory_meds	drug_usage	0.04021624	0.665384	binary
154	iqb.daily_aspirin	drug_usage	0.7969395	0.945496	binary
155	iqb.oral_corticosteroid_ever	drug_usage	0.6728081	1.079066	binary
156	iqb.took_meds_prednisone_or_steroid	drug_usage	0.9037942	1.023389	binary
157	iqb.took_meds_pres_pain_med	drug_usage	0.9725324	1.006021	binary
158	iqb.vitamin_use	drug_usage	0.740986	1.045429	binary
159	steroid_meds	drug_usage	0.92221	1.013475	binary
160	took_meds_anti_tnf_alpha	drug_usage	0.3475243	0.695966	binary
161	goiter	endocrine	0.1245709	2.422897	binary
162	graves	endocrine	0.8387996	0.913826	binary
163	hashimotos	endocrine	0.1581602	0.711819	binary
164	hyperthyroidism	endocrine	0.7646544	0.905627	binary
165	hypothyroidism	endocrine	0.4552479	0.904798	binary
166	iodine_treatment_ever	endocrine	0.1365055	0.406619	binary
167	thyroid_nodules	endocrine	0.6940515	0.841782	binary
168	thyroid_removed	endocrine	0.4869477	0.742293	binary
169	amd	eyes	0.1171011	1.573975	binary
170	astigmatism	eyes	0.4670045	1.124078	binary
171	cataract	eyes	0.659569	1.066801	binary
172	db_retinopathy	eyes	0.8427397	0.889797	binary
173	farsightedness	eyes	0.3901091	1.140649	binary
174	glaucoma	eyes	0.4277281	1.191906	binary
175	HIP_iritis	eyes	0.1256443	1.585965	binary
176	iqb.dry_eyes_procedure	eyes	0.3937007	1.529957	binary
177	iqb.elevated_intraocular_pressure	eyes	0.09452941	1.798046	binary
178	iqb.exfoliation_glaucoma	eyes	0.6016113	1.778393	binary
179	iqb.retinal_detachment	eyes	0.8419886	0.869949	binary
180	iqb.strabismus	eyes	0.5958429	0.792794	binary
181	myopia_v_hyperopia	eyes	0.5818999	1.093552	binary
182	nearsightedness	eyes	0.7314255	1.040694	binary
183	optic_neuritis	eyes	0.3580369	0.449937	binary
184	retinal_vein_occlusion	eyes	0.1640508	2.205537	binary
185	retinitis_pigmentosa	eyes	0.2556509	0.015494	binary
186	chocolate	food_preference	0.8599143	0.969788	binary
187	iqb.cilantro	food_preference	0.5130415	0.872794	binary
188	iqb.cilantro_tastes_soapy	food_preference	0.4252116	1.251625	binary
189	iqb.dark_chocolate_sneeze	food_preference	0.2285244	0.365053	binary
190	iqb.fresh_cantaloupe_yummy	food_preference	0.0437077	0.662506	binary
191	iqb.fresh_cucumbers_yummy	food_preference	0.7944353	0.953494	binary
192	iqb.licorice	food_preference	0.4367341	0.87032	binary
193	iqb.red_wine_headache	food_preference	0.7904899	0.940449	binary
194	iqb.red_wine_sneeze	food_preference	0.9964265	0.997387	binary
195	iqb.supertaster	food_preference	0.2757584	0.650292	binary
196	salty_tooth	food_preference	0.3243735	0.885631	binary
197	sweet_tooth	food_preference	0.4747316	0.905763	binary
198	sweet_v_salty	food_preference	0.9465763	1.010926	binary
199	appendectomy	gastrointestinal	0.8737588	1.038357	binary
200	appendectomy_or_appendicitis	gastrointestinal	0.3538671	1.221694	binary
201	chronic_constipation	gastrointestinal	0.04476802	0.576417	binary
202	cirrhosis	gastrointestinal	0.4870513	0.535806	binary
203	diverticulitis	gastrointestinal	0.120206	0.722216	binary
204	elevated_liver_test	gastrointestinal	0.737586	1.05897	binary
205	gallstones_or_gall_bladder_removal	gastrointestinal	0.2233835	0.760028	binary
206	gerd_broad	gastrointestinal	0.3620847	0.9238	binary
207	hemorrhoids	gastrointestinal	0.2533045	1.169614	binary
208	ibs	gastrointestinal	0.1968688	0.850718	binary
209	iqb.appendicitis	gastrointestinal	0.4474102	1.207068	binary
210	iqb.chronic_constipation	gastrointestinal	0.04667872	0.578819	binary
211	iqb.gallstones	gastrointestinal	0.2377018	0.766033	binary
212	iqb.ha_laxatives	gastrointestinal	0.01472289	0.250896	binary
213	liver_cysts	gastrointestinal	0.9033933	0.887198	binary
214	pancreatitis	gastrointestinal	0.01173196	2.088609	binary
215	ulcer	gastrointestinal	0.05981543	1.391935	binary
216	hair_loss	hair	0.3577635	0.868762	binary
217	iqb.curlier_in_humidity	hair	0.4020718	0.721943	binary
218	iqb.prepubertal_central_grey_streak	hair	0.7984415	0.78178	binary
219	adult_onset_asthma	immune	0.1442631	0.75565	binary
220	chicken_allergy	immune	0.1940451	0.0208	binary
221	dog_allergy	immune	0.05421207	1.381997	binary
222	dust_mites_allergy_clean	immune	0.8319664	1.034206	binary
223	fish_allergy	immune	0.6821904	0.795667	binary
224	grasses_allergy	immune	0.4438899	1.102348	binary
225	HIP_allergies	immune	0.6447083	1.034887	binary
226	honeybee_allergy	immune	0.07184912	1.737324	binary
227	insect_allergy	immune	0.1968789	1.335997	binary
228	iqb.carried_epipen	immune	0.8684712	1.031176	binary
229	iqb.sun_allergy	immune	0.9568887	1.05815	binary
230	juvenile_asthma	immune	0.8932101	1.019648	binary
231	metal_allergy	immune	0.7207023	1.071448	binary
232	milk_allergy	immune	0.4273723	1.304086	binary
233	mosquito_bit_more	immune	0.07764105	1.350973	binary
234	mosquito_severe	immune	0.3026547	1.216248	binary
235	nasal_polyps_sinusitis	immune	0.05523245	1.818618	binary
236	no_allergies	immune	0.6222944	0.965726	binary
237	peanut_allergy_broad	immune	0.7302203	1.172737	binary
238	pollen_allergy	immune	0.6987851	1.04494	binary
239	seasonal_allergies_broad	immune	0.5682236	1.062628	binary
240	severe_asthma	immune	0.8298182	0.861764	binary
241	severe_asthma_new_experiment	immune	0.2743841	1.449801	binary
242	soy_allergy	immune	0.76329	1.16816	binary
243	sulfa_drug_allergy	immune	0.5720599	1.139169	binary
244	trees_allergy	immune	0.6484408	1.06185	binary
245	wasp_allergy	immune	0.1817628	1.493212	binary
246	bladder_infection	infection	0.4043453	0.41433	binary
247	chicken_pox	infection	0.9263862	1.031032	binary
248	cold_sores	infection	0.02950992	1.336512	binary
249	hepatitis	infection	0.6512125	1.110292	binary
250	hepatitis_a	infection	0.9283571	1.035009	binary
251	hepatitis_b	infection	0.8580125	1.095471	binary
252	hepatitis_c	infection	0.938314	0.96214	binary
253	iqb.bacterial_meningitis	infection	0.08941148	2.709921	binary
254	iqb.childhood_ear_infections	infection	0.9066988	1.016505	binary
255	iqb.chronic_sinus_infections	infection	0.1453231	0.548104	binary
256	iqb.gingivitis	infection	0.3540153	1.185969	binary
257	iqb.intestinal_parasite	infection	0.3608426	1.254126	binary
258	iqb.lyme_disease	infection	0.6916317	1.204148	binary
259	iqb.malaria_meds	infection	0.9301687	1.019577	binary
260	iqb.mononucleosis	infection	0.3437904	0.81069	binary
261	iqb.norovirus_ever	infection	0.4122919	0.871011	binary
262	iqb.toenail_fungus	infection	0.4160161	0.870204	binary
263	iqb.whooping_cough	infection	0.3842229	0.783763	binary
264	measles	infection	0.2751776	1.240417	binary
265	mumps	infection	0.8454451	1.037139	binary
266	plantar_warts	infection	0.5210823	1.123758	binary
267	pneumonia	infection	0.1424263	0.77822	binary
268	positive_tb_test	infection	0.5438484	1.175602	binary
269	rheumatic_fever	infection	0.2988932	0.021393	binary
270	scarlet_fever	infection	0.9301035	1.032779	binary
271	shingles	infection	0.6899935	0.906747	binary
272	tonsillectomy	infection	0.5566697	0.917381	binary
273	tuberculosis	infection	0.4164157	1.548302	binary
274	urinary_tract_inf	infection	0.2192743	1.196817	binary
275	left_handed	laterality	0.1975954	1.234329	binary
276	hp_exercise_intake	lifestyle	0.8152726	0.009491	quantitative
277	iqb.run_marathon	lifestyle	0.1195487	2.319558	binary
278	iqb.ses_wks_worked_per_yr	lifestyle	0.6450999	1.059776	binary
279	iqb.short_of_breath_from_stairs	lifestyle	0.002579181	0.612001	binary
280	married	lifestyle	0.6346239	1.040919	binary
281	self_employed	lifestyle	0.4056722	1.146942	binary
282	centenarian_family	longevity	0.8086102	0.790525	binary
283	general_health	longevity	0.143339	-0.046678	quantitative
284	ha_assistance_cc	longevity	0.2370532	0.367129	binary
285	ha_negativity_cc	longevity	0.07882708	1.662828	binary
286	healthy_old	longevity	0.2354989	0.801721	binary
287	heart_metabolic_disease_60	longevity	0.06827724	1.350842	binary
288	heart_metabolic_disease_70	longevity	0.01326588	2.256389	binary
289	heart_metabolic_disease_burden	longevity	0.09192507	0.057208	quantitative
290	iqb.trouble_walking	longevity	0.839806	0.955405	binary
291	nonagenarian_parent	longevity	0.5449244	1.227935	binary
292	any_bariatric_surgery	metabolic	0.4087721	1.274142	binary
293	blood_sugar_meds	metabolic	0.3735935	1.203268	binary
294	bmi	metabolic	0.1733791	0.279254	quantitative
295	bmi_qnorm	metabolic	0.4851702	0.024413	quantitative
296	cold_vs_hot	metabolic	0.8563557	0.967988	binary
297	gout	metabolic	0.5478321	1.133713	binary
298	hemochromatosis	metabolic	0.9489139	1.038035	binary
299	high_chol	metabolic	0.9237953	1.012848	binary
300	high_cholesterol_broad	metabolic	0.666282	0.966565	binary
301	high_ldl	metabolic	0.9038084	0.980355	binary
302	high_plasma_glucose	metabolic	0.8664369	1.022089	binary
303	high_tg	metabolic	0.7924949	1.050179	binary
304	hyperglycemia	metabolic	0.3572117	0.816155	binary
305	iqb.low_hdl	metabolic	0.6029631	1.093594	binary
306	lactose_intolerant_loose	metabolic	0.01662792	0.513382	binary
307	nafld	metabolic	0.4555222	1.231441	binary
308	nash	metabolic	0.3947639	1.70939	binary
309	t2d	metabolic	0.1831256	1.226972	binary
310	t2d_broad	metabolic	0.6387845	1.066824	binary
311	weight	metabolic	0.2616847	1.550224	quantitative
312	weight_qnorm	metabolic	0.4693855	0.025351	quantitative
313	big_toe_shorter	morphology	0.3460969	1.190039	binary
314	body_type	morphology	0.7435829	1.06495	binary
315	braces	morphology	0.2405358	0.823505	binary
316	can_lift_left_eyebrow	morphology	0.07796317	0.700791	binary
317	can_lift_right_eyebrow	morphology	0.03274506	1.523304	binary
318	chin_dimple	morphology	0.2164955	1.307854	binary
319	dimples	morphology	0.6951894	0.929733	binary
320	elbows_together	morphology	0.4419577	0.808084	binary
321	height	morphology	0.7619108	-0.028194	quantitative
322	height_qnorm	morphology	0.726162	-0.012279	quantitative
323	iqb.cartwheel	morphology	0.3453315	1.19596	binary
324	iqb.eyelid_crease	morphology	0.9720823	0.992722	binary
325	iqb.forward_splits	morphology	0.8225313	0.969722	binary
326	iqb.gap_between_teeth	morphology	0.6777209	0.737194	binary
327	iqb.os_trigonum	morphology	0.9794859	1.026277	binary
328	iqb.side_splits	morphology	0.2125492	1.29402	binary
329	iqb.third_nipple	morphology	0.4599037	0.615574	binary
330	iqb.tongue_curl	morphology	0.3755234	1.23585	binary
331	iqb.whistle	morphology	0.1511218	2.516065	binary
332	iqb.wiggle_ears	morphology	0.4474516	1.143052	binary
333	iqb.wiggle_nose	morphology	0.3220495	1.398086	binary
334	lift_one_eyebrow	morphology	0.8394878	1.040598	binary
335	overbite	morphology	0.36401	0.846424	binary
336	tongue_flip	morphology	0.7923209	0.950544	binary
337	triangular_face	morphology	0.05952807	16.234753	binary
338	underbite	morphology	0.1502566	0.402912	binary
339	bunion	musculoskeletal	0.06822828	1.479841	binary
340	carpal_tunnel	musculoskeletal	0.7654493	1.041634	binary
341	fibromyalgia	musculoskeletal	0.2170523	1.259613	binary
342	fibromyalgia_chronic_fatigue	musculoskeletal	0.1252028	1.271246	binary
343	fracture	musculoskeletal	0.1840552	0.899405	binary
344	fracture_adult_vs_child	musculoskeletal	0.8467091	0.959088	binary
345	fracture_arm	musculoskeletal	0.7843862	1.070987	binary
346	fracture_foot	musculoskeletal	0.1460385	1.252766	binary
347	fracture_hand	musculoskeletal	0.9414704	1.011919	binary
348	fracture_leg	musculoskeletal	0.4063831	0.786594	binary
349	fracture_limb	musculoskeletal	0.5752048	0.890854	binary
350	fracture_major	musculoskeletal	0.535323	0.897107	binary
351	fracture_many_vs_one	musculoskeletal	0.0853474	0.660654	binary
352	fracture_pelvis	musculoskeletal	0.2479578	0.483063	binary
353	fracture_thorax	musculoskeletal	0.9800973	0.993475	binary
354	fracture_trunk	musculoskeletal	0.7866835	0.935276	binary
355	hernia	musculoskeletal	0.6345192	1.093041	binary
356	hernia_hiatal	musculoskeletal	0.6946226	0.862362	binary
357	hernia_inguinal	musculoskeletal	0.3278038	0.678505	binary
358	hernia_umbilical	musculoskeletal	0.9261621	0.965108	binary
359	hwiz_ehlers_danlos	musculoskeletal	0.9660295	0.958522	binary
360	hwiz_spinal_stenosis	musculoskeletal	0.9383926	1.08157	binary
361	iqb.ankle_sprain	musculoskeletal	0.442928	0.865594	binary
362	iqb.dislocated_shoulder	musculoskeletal	0.7404007	0.823717	binary
363	iqb.dupuytrens_contracture	musculoskeletal	0.4811675	1.463223	binary
364	iqb.ganglion_cyst_foot	musculoskeletal	0.7180488	0.815266	binary
365	iqb.ganglion_cyst_wrist	musculoskeletal	0.7267483	0.914156	binary
366	iqb.sugery_shoulder_dislocation	musculoskeletal	0.02849824	2.898464	binary
367	iqb.tmj	musculoskeletal	0.02783713	0.627953	binary
368	myasthenia_gravis	musculoskeletal	0.6466821	1.643478	binary
369	osteoarthritis	musculoskeletal	0.3464354	0.886658	binary
370	osteoarthritis_broad	musculoskeletal	0.2384523	0.859451	binary
371	osteoporosis	musculoskeletal	0.02407897	0.190392	binary
372	osteoporosis_broad	musculoskeletal	0.03636681	0.70126	binary
373	scoliosis	musculoskeletal	0.592495	1.094007	binary
374	alzheimers	neurological	0.8854044	0.867647	binary
375	basilar_migraine	neurological	0.04997471	2.078174	binary
376	chronic_fatigue	neurological	0.5680917	1.129007	binary
377	cognitive_decline	neurological	0.8016405	1.163883	binary
378	dyslexia	neurological	0.1838032	1.453062	binary
379	epilepsy	neurological	0.3555683	0.732142	binary
380	hemiplegic_migraine	neurological	0.3862528	1.540651	binary
381	iqb.alzheimers_fh	neurological	0.437742	1.134558	binary
382	iqb.childhood_febrile_seizures	neurological	0.3831276	1.361184	binary
383	iqb.cluster_headaches	neurological	0.8491074	1.054555	binary
384	iqb.mild_cognitive_imp_fh	neurological	0.9469978	1.015694	binary
385	iqb.numb_extremities	neurological	0.9756656	0.994525	binary
386	memory_loss	neurological	0.3932333	1.355595	binary
387	migraine_diagnosis_broad	neurological	0.5498647	0.943132	binary
388	migraine_ICHD_with_aura	neurological	0.3769328	1.162943	binary
389	migraine_ICHD_without_aura	neurological	0.9097472	0.967583	binary
390	photic_sneeze	neurological	0.01576241	1.517251	binary
391	restless_leg_syndrome	neurological	0.0143647	1.443525	binary
392	trigeminal_neuralgia	neurological	0.4729978	1.562618	binary
393	PD_all_pop_con_no_fh	parkinson	0.4152974	0.589548	binary
394	pd_family_history	parkinson	0.7481035	1.079604	binary
395	at_all_religious	personality	0.101571	0.744028	binary
396	atheist_or_agnostic	personality	0.7365574	1.071629	binary
397	iqb.cheated_on_partner	personality	0.2543225	0.578591	binary
398	iqb.cry_easily	personality	0.782593	0.969563	binary
399	iqb.fear_of_speaking	personality	0.06901443	1.233962	binary
400	iqb.skydived	personality	0.2001269	2.143676	binary
401	iqb.tact_versus_outspokenness	personality	0.6385737	1.169529	binary
402	iqb.talk_versus_listen	personality	0.8354571	0.978885	binary
403	phq_anorexia_cc	personality	0.1703241	1.296825	binary
404	phq_combined_cc	personality	0.733859	1.072076	binary
405	phq_concentration_cc	personality	0.1991664	1.322481	binary
406	phq_depression_cc	personality	0.01709507	1.608057	binary
407	phq_fatigue_cc	personality	0.7438617	1.0647	binary
408	phq_function_any	personality	0.632753	1.074752	binary
409	phq_movement_cc	personality	0.3854106	1.314223	binary
410	phq_self_esteem_cc	personality	0.01766519	1.561516	binary
411	recharge_by_socializing_cc	personality	0.2965799	0.824254	binary
412	chronic_kidney_disease	renal	0.1669175	1.57344	binary
413	db_nephritis	renal	0.7714124	0.815074	binary
414	HIP_urinary_condition	renal	0.6464323	1.088239	binary
415	HIP_urinary_condition_type_OAB	renal	0.8523607	1.052471	binary
416	HIP_urinary_condition_type_SUI	renal	0.5760615	0.800362	binary
417	iqb.kidney_infection	renal	0.783318	0.938866	binary
418	kidney_disease	renal	0.2818458	1.414621	binary
419	kidney_stones	renal	0.3414513	1.138845	binary
420	iqb.ivf	reproductive	0.5690957	1.309657	binary
421	chronic_bronchitis	respiratory	0.3594047	1.414221	binary
422	COPD	respiratory	0.7120396	1.15707	binary
423	cystic_fibrosis	respiratory	0.7104126	1.486391	binary
424	emphysema	respiratory	0.8927811	0.909733	binary
425	asparagus_anosmia	sensation	0.06038013	0.662741	binary
426	hearing_cocktail_conversation	sensation	0.3943389	1.16075	binary
427	iqb.anosmia	sensation	0.2452671	0.374993	binary
428	iqb.congenital_deafness	sensation	0.9477145	0.954817	binary
429	iqb.good_sense_of_direction	sensation	0.526045	1.090096	binary
430	iqb.hearing_aid	sensation	0.1078352	1.596587	binary
431	iqb.misophonia	sensation	0.2466502	0.832591	binary
432	iqb.recurrent_vertigo	sensation	0.5525265	1.125767	binary
433	iqb.red_green_colorblind	sensation	0.1972749	1.607757	binary
434	tinnitus	sensation	0.8712327	0.974667	binary
435	actinic_keratosis	skin	0.1902733	0.748194	binary
436	hidradenitis	skin	0.3396547	0.544143	binary
437	iqb.foot_odor	skin	0.7440712	0.923182	binary
438	iqb.hp_acne_scarring	skin	0.1279434	1.578251	binary
439	iqb.hyperhidrosis	skin	0.9623765	0.972452	binary
440	iqb.raised_scars	skin	0.1660423	1.392273	binary
441	iqb.stretch_marks	skin	0.7862183	0.966135	binary
442	iqb.sweaty_feet	skin	0.5443196	1.122142	binary
443	iqb.sweaty_palms	skin	0.6886389	1.110381	binary
444	lichen_planus	skin	0.6225562	1.293926	binary
445	moles	skin	0.1961709	0.799928	binary
446	rosacea_all	skin	0.9757986	0.995294	binary
447	severe_acne	skin	0.2025144	0.842762	binary
448	skin_tags	skin	0.4987024	1.093051	binary
449	stretch_marks_any	skin	0.8819634	0.981399	binary
450	chronotype	sleep	0.2636763	0.033305	quantitative
451	circadian_rhythm_disorder	sleep	0.8913411	1.083423	binary
452	insomnia_broad	sleep	0.5064633	0.944955	binary
453	insomnia_narrow	sleep	0.3487128	0.905985	binary
454	iqb.rem_sleep_behavior_disorder_dx	sleep	0.9570764	1.013506	binary
455	iqb.sound_sleeper	sleep	0.7797054	1.04743	binary
456	iqb.sweat_while_sleeping	sleep	0.8981081	0.977282	binary
457	narcolepsy	sleep	0.9218471	0.945311	binary
458	parasomnia	sleep	0.4188479	0.780701	binary
459	phq_sleep_cc	sleep	0.05732711	1.415096	binary
460	rem_sleep_disorder	sleep	0.8881307	0.966207	binary
461	iqb.achilles_tendinitis	sports	0.9902346	1.003842	binary
462	iqb.acl_tear	sports	0.9622702	0.986587	binary
463	iqb.elbow_tendinitis	sports	0.776259	1.049136	binary
464	iqb.patellar_tendinitis	sports	0.2287279	0.57327	binary
465	iqb.plantar_fasciitis	sports	0.1265026	1.245495	binary
466	iqb.rotator_cuff_tear	sports	0.6868678	1.109589	binary
467	iqb.shin_splints	sports	0.8328961	1.028017	binary
468	cavities_many	teeth	0.9755853	1.00662	binary
469	dental_superstar	teeth	0.9515084	0.978497	binary
470	iqb.born_with_teeth	teeth	0.2604813	2.514653	binary
471	iqb.peg_laterals_bottom_teeth	teeth	0.4620776	0.500001	binary
472	iqb.peg_laterals_top_teeth	teeth	0.9013364	0.9099	binary
473	iqb.teeth_grinding	teeth	0.8559507	0.971337	binary
474	iqb.wisdom_teeth_removed	teeth	0.05122036	1.599464	binary
